MANDT,BUKRS,BELNR,GJAHR,BUZEI,SHKZG,KOART,LIFNR,HKONT,DMBTR,WRBTR,MWSTS,ZUONR,ZFBDT,ZBD1T,ZBD2T,ZTERM,SKFBT,SGTXT
100,1000,1900000001,2024,001,H,K,0000100001,160000,25000.00,25000.00,4750.00,RE-2024-001,20240102,30,14,Z030,1250.00,Rechnung Siemens Industrieausrüstung
100,1000,1900000001,2024,002,S,S,,543210,4750.00,4750.00,0.00,RE-2024-001,,,,,Vorsteuer 19%
100,1000,1900000001,2024,003,S,S,,400000,25000.00,25000.00,0.00,RE-2024-001,,,,,Materialaufwand
100,1000,1900000002,2024,001,H,K,0000100002,160000,18500.00,18500.00,3515.00,RE-2024-002,20240103,30,14,Z030,925.00,Rechnung BASF Chemikalien
100,1000,1900000002,2024,002,S,S,,543210,3515.00,3515.00,0.00,RE-2024-002,,,,,Vorsteuer 19%
100,1000,1900000002,2024,003,S,S,,400000,18500.00,18500.00,0.00,RE-2024-002,,,,,Materialaufwand
100,1000,1900000003,2024,001,H,K,0000100003,160000,32750.00,32750.00,6222.50,RE-2024-003,20240105,30,14,Z030,1637.50,Rechnung VW Fahrzeugteile
100,1000,1900000003,2024,002,S,S,,543210,6222.50,6222.50,0.00,RE-2024-003,,,,,Vorsteuer 19%
100,1000,1900000003,2024,003,S,S,,400000,32750.00,32750.00,0.00,RE-2024-003,,,,,Materialaufwand
100,1000,1900000004,2024,001,H,K,0000100004,160000,15800.00,15800.00,3002.00,RE-2024-004,20240108,30,14,Z030,790.00,Rechnung Bayer Pharma
100,1000,1900000004,2024,002,S,S,,543210,3002.00,3002.00,0.00,RE-2024-004,,,,,Vorsteuer 19%
100,1000,1900000004,2024,003,S,S,,400000,15800.00,15800.00,0.00,RE-2024-004,,,,,Materialaufwand
100,1000,1900000005,2024,001,H,K,0000100005,160000,45000.00,45000.00,8550.00,RE-2024-005,20240110,30,14,Z030,2250.00,Rechnung SAP Software-Lizenz
100,1000,1900000005,2024,002,S,S,,543210,8550.00,8550.00,0.00,RE-2024-005,,,,,Vorsteuer 19%
100,1000,1900000005,2024,003,S,S,,520000,45000.00,45000.00,0.00,RE-2024-005,,,,,IT-Kosten
100,1000,1900000006,2024,001,S,S,,100000,29750.00,29750.00,0.00,ZG-2024-001,,,,,Bank
100,1000,1900000006,2024,002,H,K,0000100001,160000,29750.00,29750.00,0.00,ZG-2024-001,,,,,Zahlung Siemens AG
100,1000,1900000007,2024,001,H,K,0000100006,160000,28900.00,28900.00,5491.00,RE-2024-006,20240115,30,14,Z030,1445.00,Rechnung Bosch Maschinenbau
100,1000,1900000007,2024,002,S,S,,543210,5491.00,5491.00,0.00,RE-2024-006,,,,,Vorsteuer 19%
100,1000,1900000007,2024,003,S,S,,400000,28900.00,28900.00,0.00,RE-2024-006,,,,,Materialaufwand
100,1000,1900000008,2024,001,H,K,0000100007,160000,12300.00,12300.00,2337.00,RE-2024-007,20240118,30,14,Z030,615.00,Rechnung Deutsche Post Logistik
100,1000,1900000008,2024,002,S,S,,543210,2337.00,2337.00,0.00,RE-2024-007,,,,,Vorsteuer 19%
100,1000,1900000008,2024,003,S,S,,630000,12300.00,12300.00,0.00,RE-2024-007,,,,,Transportkosten
100,1000,1900000009,2024,001,H,K,0000100008,160000,8750.00,8750.00,1662.50,RE-2024-008,20240120,30,14,Z030,437.50,Rechnung Adidas Arbeitskleidung
100,1000,1900000009,2024,002,S,S,,543210,1662.50,1662.50,0.00,RE-2024-008,,,,,Vorsteuer 19%
100,1000,1900000009,2024,003,S,S,,480000,8750.00,8750.00,0.00,RE-2024-008,,,,,Büroausstattung
100,1000,1900000010,2024,001,S,S,,100000,22015.00,22015.00,0.00,ZG-2024-002,,,,,Bank
100,1000,1900000010,2024,002,H,K,0000100002,160000,22015.00,22015.00,0.00,ZG-2024-002,,,,,Zahlung BASF SE
100,1000,1900000011,2024,001,H,K,0000100009,160000,21500.00,21500.00,4085.00,RE-2024-009,20240125,30,14,Z030,1075.00,Rechnung Continental Reifen
100,1000,1900000011,2024,002,S,S,,543210,4085.00,4085.00,0.00,RE-2024-009,,,,,Vorsteuer 19%
100,1000,1900000011,2024,003,S,S,,640000,21500.00,21500.00,0.00,RE-2024-009,,,,,KFZ-Kosten
100,1000,1900000012,2024,001,H,K,0000100010,160000,35600.00,35600.00,6764.00,RE-2024-010,20240128,30,14,Z030,1780.00,Rechnung Metro Büromaterial
100,1000,1900000012,2024,002,S,S,,543210,6764.00,6764.00,0.00,RE-2024-010,,,,,Vorsteuer 19%
100,1000,1900000012,2024,003,S,S,,480000,35600.00,35600.00,0.00,RE-2024-010,,,,,Büroausstattung
100,1000,1900000013,2024,001,S,S,,100000,38972.50,38972.50,0.00,ZG-2024-003,,,,,Bank
100,1000,1900000013,2024,002,H,K,0000100003,160000,38972.50,38972.50,0.00,ZG-2024-003,,,,,Zahlung Volkswagen AG
100,1000,1900000014,2024,001,H,K,0000100011,160000,14200.00,14200.00,2698.00,RE-2024-011,20240201,30,14,Z030,710.00,Rechnung Henkel Reinigungsmittel
100,1000,1900000014,2024,002,S,S,,543210,2698.00,2698.00,0.00,RE-2024-011,,,,,Vorsteuer 19%
100,1000,1900000014,2024,003,S,S,,470000,14200.00,14200.00,0.00,RE-2024-011,,,,,Reinigungskosten
100,1000,1900000015,2024,001,H,K,0000100012,160000,27500.00,27500.00,5225.00,RE-2024-012,20240205,30,14,Z030,1375.00,Rechnung Merck Laborausrüstung
100,1000,1900000015,2024,002,S,S,,543210,5225.00,5225.00,0.00,RE-2024-012,,,,,Vorsteuer 19%
100,1000,1900000015,2024,003,S,S,,480000,27500.00,27500.00,0.00,RE-2024-012,,,,,Büroausstattung
100,1000,1900000016,2024,001,H,K,0000100013,160000,38900.00,38900.00,7391.00,RE-2024-013,20240208,30,14,Z030,1945.00,Rechnung Infineon Halbleiter
100,1000,1900000016,2024,002,S,S,,543210,7391.00,7391.00,0.00,RE-2024-013,,,,,Vorsteuer 19%
100,1000,1900000016,2024,003,S,S,,400000,38900.00,38900.00,0.00,RE-2024-013,,,,,Materialaufwand
100,1000,1900000017,2024,001,S,S,,100000,18802.00,18802.00,0.00,ZG-2024-004,,,,,Bank
100,1000,1900000017,2024,002,H,K,0000100004,160000,18802.00,18802.00,0.00,ZG-2024-004,,,,,Zahlung Bayer AG
100,1000,1900000018,2024,001,H,K,0000100014,160000,52800.00,52800.00,10032.00,RE-2024-014,20240212,30,14,Z030,2640.00,Rechnung ThyssenKrupp Stahl
100,1000,1900000018,2024,002,S,S,,543210,10032.00,10032.00,0.00,RE-2024-014,,,,,Vorsteuer 19%
100,1000,1900000018,2024,003,S,S,,400000,52800.00,52800.00,0.00,RE-2024-014,,,,,Materialaufwand
100,1000,1900000019,2024,001,H,K,0000100015,160000,42600.00,42600.00,8094.00,RE-2024-015,20240215,30,14,Z030,2130.00,Rechnung RWE Energie
100,1000,1900000019,2024,002,S,S,,543210,8094.00,8094.00,0.00,RE-2024-015,,,,,Vorsteuer 19%
100,1000,1900000019,2024,003,S,S,,440000,42600.00,42600.00,0.00,RE-2024-015,,,,,Energiekosten
100,1000,1900000020,2024,001,S,S,,100000,53550.00,53550.00,0.00,ZG-2024-005,,,,,Bank
100,1000,1900000020,2024,002,H,K,0000100005,160000,53550.00,53550.00,0.00,ZG-2024-005,,,,,Zahlung SAP SE
100,1000,1900000021,2024,001,H,K,0000100016,160000,31200.00,31200.00,5928.00,RE-2024-016,20240220,30,14,Z030,1560.00,Rechnung Deutsche Telekom
100,1000,1900000021,2024,002,S,S,,543210,5928.00,5928.00,0.00,RE-2024-016,,,,,Vorsteuer 19%
100,1000,1900000021,2024,003,S,S,,450000,31200.00,31200.00,0.00,RE-2024-016,,,,,Telekommunikation
100,1000,1900000022,2024,001,H,K,0000100017,160000,28700.00,28700.00,5453.00,RE-2024-017,20240225,30,14,Z030,1435.00,Rechnung E.ON Strom
100,1000,1900000022,2024,002,S,S,,543210,5453.00,5453.00,0.00,RE-2024-017,,,,,Vorsteuer 19%
100,1000,1900000022,2024,003,S,S,,440000,28700.00,28700.00,0.00,RE-2024-017,,,,,Energiekosten
100,1000,1900000023,2024,001,S,S,,100000,34391.00,34391.00,0.00,ZG-2024-006,,,,,Bank
100,1000,1900000023,2024,002,H,K,0000100006,160000,34391.00,34391.00,0.00,ZG-2024-006,,,,,Zahlung Bosch GmbH
100,1000,1900000024,2024,001,H,K,0000100018,160000,19800.00,19800.00,3762.00,RE-2024-018,20240301,30,14,Z030,990.00,Rechnung Fresenius Medizintechnik
100,1000,1900000024,2024,002,S,S,,543210,3762.00,3762.00,0.00,RE-2024-018,,,,,Vorsteuer 19%
100,1000,1900000024,2024,003,S,S,,480000,19800.00,19800.00,0.00,RE-2024-018,,,,,Büroausstattung
100,1000,1900000025,2024,001,H,K,0000100019,160000,9500.00,9500.00,1805.00,RE-2024-019,20240305,30,14,Z030,475.00,Rechnung Puma Sportausrüstung
100,1000,1900000025,2024,002,S,S,,543210,1805.00,1805.00,0.00,RE-2024-019,,,,,Vorsteuer 19%
100,1000,1900000025,2024,003,S,S,,480000,9500.00,9500.00,0.00,RE-2024-019,,,,,Büroausstattung
100,1000,1900000026,2024,001,H,K,0000100020,160000,33400.00,33400.00,6346.00,RE-2024-020,20240308,30,14,Z030,1670.00,Rechnung Linde Industriegase
100,1000,1900000026,2024,002,S,S,,543210,6346.00,6346.00,0.00,RE-2024-020,,,,,Vorsteuer 19%
100,1000,1900000026,2024,003,S,S,,400000,33400.00,33400.00,0.00,RE-2024-020,,,,,Materialaufwand
100,1000,1900000027,2024,001,S,S,,100000,14637.00,14637.00,0.00,ZG-2024-007,,,,,Bank
100,1000,1900000027,2024,002,H,K,0000100007,160000,14637.00,14637.00,0.00,ZG-2024-007,,,,,Zahlung Deutsche Post AG
100,1000,1900000028,2024,001,H,K,0000100021,160000,78500.00,78500.00,14915.00,RE-2024-021,20240315,30,14,Z030,3925.00,Rechnung BMW Fahrzeuge
100,1000,1900000028,2024,002,S,S,,543210,14915.00,14915.00,0.00,RE-2024-021,,,,,Vorsteuer 19%
100,1000,1900000028,2024,003,S,S,,640000,78500.00,78500.00,0.00,RE-2024-021,,,,,KFZ-Kosten
100,1000,1900000029,2024,001,H,K,0000100022,160000,65200.00,65200.00,12388.00,RE-2024-022,20240318,30,14,Z030,3260.00,Rechnung Daimler Nutzfahrzeuge
100,1000,1900000029,2024,002,S,S,,543210,12388.00,12388.00,0.00,RE-2024-022,,,,,Vorsteuer 19%
100,1000,1900000029,2024,003,S,S,,640000,65200.00,65200.00,0.00,RE-2024-022,,,,,KFZ-Kosten
100,1000,1900000030,2024,001,S,S,,100000,10412.50,10412.50,0.00,ZG-2024-008,,,,,Bank
100,1000,1900000030,2024,002,H,K,0000100008,160000,10412.50,10412.50,0.00,ZG-2024-008,,,,,Zahlung Adidas AG
100,1000,1900000031,2024,001,H,K,0000100023,160000,48200.00,48200.00,9158.00,RE-2024-023,20240322,30,14,Z030,2410.00,Rechnung Lufthansa Geschäftsreisen
100,1000,1900000031,2024,002,S,S,,543210,9158.00,9158.00,0.00,RE-2024-023,,,,,Vorsteuer 19%
100,1000,1900000031,2024,003,S,S,,650000,48200.00,48200.00,0.00,RE-2024-023,,,,,Reisekosten
100,1000,1900000032,2024,001,H,K,0000100024,160000,85600.00,85600.00,16264.00,RE-2024-024,20240325,30,14,Z030,4280.00,Rechnung Munich Re Versicherung
100,1000,1900000032,2024,002,S,S,,543210,16264.00,16264.00,0.00,RE-2024-024,,,,,Vorsteuer 19%
100,1000,1900000032,2024,003,S,S,,460000,85600.00,85600.00,0.00,RE-2024-024,,,,,Versicherungen
100,1000,1900000033,2024,001,S,S,,100000,25585.00,25585.00,0.00,ZG-2024-009,,,,,Bank
100,1000,1900000033,2024,002,H,K,0000100009,160000,25585.00,25585.00,0.00,ZG-2024-009,,,,,Zahlung Continental AG
100,1000,1900000034,2024,001,H,K,0000100025,160000,72300.00,72300.00,13737.00,RE-2024-025,20240330,30,14,Z030,3615.00,Rechnung Allianz Versicherung
100,1000,1900000034,2024,002,S,S,,543210,13737.00,13737.00,0.00,RE-2024-025,,,,,Vorsteuer 19%
100,1000,1900000034,2024,003,S,S,,460000,72300.00,72300.00,0.00,RE-2024-025,,,,,Versicherungen
100,1000,1900000035,2024,001,H,K,0000100026,160000,35800.00,35800.00,6802.00,RE-2024-026,20240402,30,14,Z030,1790.00,Rechnung Software AG ERP-System
100,1000,1900000035,2024,002,S,S,,543210,6802.00,6802.00,0.00,RE-2024-026,,,,,Vorsteuer 19%
100,1000,1900000035,2024,003,S,S,,520000,35800.00,35800.00,0.00,RE-2024-026,,,,,IT-Kosten
100,1000,1900000036,2024,001,H,K,0000100027,160000,16200.00,16200.00,3078.00,RE-2024-027,20240405,30,14,Z030,810.00,Rechnung Beiersdorf Körperpflege
100,1000,1900000036,2024,002,S,S,,543210,3078.00,3078.00,0.00,RE-2024-027,,,,,Vorsteuer 19%
100,1000,1900000036,2024,003,S,S,,480000,16200.00,16200.00,0.00,RE-2024-027,,,,,Büroausstattung
100,1000,1900000037,2024,001,S,S,,100000,42364.00,42364.00,0.00,ZG-2024-010,,,,,Bank
100,1000,1900000037,2024,002,H,K,0000100010,160000,42364.00,42364.00,0.00,ZG-2024-010,,,,,Zahlung Metro AG
100,1000,1900000038,2024,001,H,K,0000100028,160000,41700.00,41700.00,7923.00,RE-2024-028,20240410,30,14,Z030,2085.00,Rechnung Covestro Kunststoffe
100,1000,1900000038,2024,002,S,S,,543210,7923.00,7923.00,0.00,RE-2024-028,,,,,Vorsteuer 19%
100,1000,1900000038,2024,003,S,S,,400000,41700.00,41700.00,0.00,RE-2024-028,,,,,Materialaufwand
100,1000,1900000039,2024,001,H,K,0000100029,160000,29800.00,29800.00,5662.00,RE-2024-029,20240412,30,14,Z030,1490.00,Rechnung Wacker Chemie Spezialchemie
100,1000,1900000039,2024,002,S,S,,543210,5662.00,5662.00,0.00,RE-2024-029,,,,,Vorsteuer 19%
100,1000,1900000039,2024,003,S,S,,400000,29800.00,29800.00,0.00,RE-2024-029,,,,,Materialaufwand
100,1000,1900000040,2024,001,S,S,,100000,16898.00,16898.00,0.00,ZG-2024-011,,,,,Bank
100,1000,1900000040,2024,002,H,K,0000100011,160000,16898.00,16898.00,0.00,ZG-2024-011,,,,,Zahlung Henkel AG
100,1000,1900000041,2024,001,H,K,0000100030,160000,22100.00,22100.00,4199.00,RE-2024-030,20240418,30,14,Z030,1105.00,Rechnung Osram LED-Beleuchtung
100,1000,1900000041,2024,002,S,S,,543210,4199.00,4199.00,0.00,RE-2024-030,,,,,Vorsteuer 19%
100,1000,1900000041,2024,003,S,S,,480000,22100.00,22100.00,0.00,RE-2024-030,,,,,Büroausstattung
100,1000,1900000042,2024,001,H,K,0000100031,160000,125000.00,125000.00,23750.00,RE-2024-031,20240420,30,14,Z030,6250.00,Rechnung Porsche Sportwagen
100,1000,1900000042,2024,002,S,S,,543210,23750.00,23750.00,0.00,RE-2024-031,,,,,Vorsteuer 19%
100,1000,1900000042,2024,003,S,S,,640000,125000.00,125000.00,0.00,RE-2024-031,,,,,KFZ-Kosten
100,1000,1900000043,2024,001,S,S,,100000,32725.00,32725.00,0.00,ZG-2024-012,,,,,Bank
100,1000,1900000043,2024,002,H,K,0000100012,160000,32725.00,32725.00,0.00,ZG-2024-012,,,,,Zahlung Merck KGaA
100,1000,1900000044,2024,001,H,K,0000100032,160000,89500.00,89500.00,17005.00,RE-2024-032,20240425,30,14,Z030,4475.00,Rechnung Audi Dienstwagen
100,1000,1900000044,2024,002,S,S,,543210,17005.00,17005.00,0.00,RE-2024-032,,,,,Vorsteuer 19%
100,1000,1900000044,2024,003,S,S,,640000,89500.00,89500.00,0.00,RE-2024-032,,,,,KFZ-Kosten
100,1000,1900000045,2024,001,H,K,0000100033,160000,156200.00,156200.00,29678.00,RE-2024-033,20240428,30,14,Z030,7810.00,Rechnung Deutsche Bank Finanzierung
100,1000,1900000045,2024,002,S,S,,543210,29678.00,29678.00,0.00,RE-2024-033,,,,,Vorsteuer 19%
100,1000,1900000045,2024,003,S,S,,500000,156200.00,156200.00,0.00,RE-2024-033,,,,,Finanzkosten
100,1000,1900000046,2024,001,S,S,,100000,46291.00,46291.00,0.00,ZG-2024-013,,,,,Bank
100,1000,1900000046,2024,002,H,K,0000100013,160000,46291.00,46291.00,0.00,ZG-2024-013,,,,,Zahlung Infineon Technologies
100,1000,1900000047,2024,001,H,K,0000100034,160000,67800.00,67800.00,12882.00,RE-2024-034,20240502,30,14,Z030,3390.00,Rechnung Commerzbank Kontoführung
100,1000,1900000047,2024,002,S,S,,543210,12882.00,12882.00,0.00,RE-2024-034,,,,,Vorsteuer 19%
100,1000,1900000047,2024,003,S,S,,500000,67800.00,67800.00,0.00,RE-2024-034,,,,,Finanzkosten
100,1000,1900000048,2024,001,H,K,0000100035,160000,32500.00,32500.00,6175.00,RE-2024-035,20240505,30,14,Z030,1625.00,Rechnung Hugo Boss Geschäftskleidung
100,1000,1900000048,2024,002,S,S,,543210,6175.00,6175.00,0.00,RE-2024-035,,,,,Vorsteuer 19%
100,1000,1900000048,2024,003,S,S,,480000,32500.00,32500.00,0.00,RE-2024-035,,,,,Büroausstattung
100,1000,1900000049,2024,001,H,K,0000100036,160000,38900.00,38900.00,7391.00,RE-2024-036,20240508,30,14,Z030,1945.00,Rechnung Brenntag Chemikalien
100,1000,1900000049,2024,002,S,S,,543210,7391.00,7391.00,0.00,RE-2024-036,,,,,Vorsteuer 19%
100,1000,1900000049,2024,003,S,S,,400000,38900.00,38900.00,0.00,RE-2024-036,,,,,Materialaufwand
100,1000,1900000050,2024,001,S,S,,100000,62832.00,62832.00,0.00,ZG-2024-014,,,,,Bank
100,1000,1900000050,2024,002,H,K,0000100014,160000,62832.00,62832.00,0.00,ZG-2024-014,,,,,Zahlung ThyssenKrupp AG
100,1000,1900000051,2024,001,H,K,0000100037,160000,47300.00,47300.00,8987.00,RE-2024-037,20240512,30,14,Z030,2365.00,Rechnung Krones Abfüllanlage
100,1000,1900000051,2024,002,S,S,,543210,8987.00,8987.00,0.00,RE-2024-037,,,,,Vorsteuer 19%
100,1000,1900000051,2024,003,S,S,,400000,47300.00,47300.00,0.00,RE-2024-037,,,,,Materialaufwand
100,1000,1900000052,2024,001,H,K,0000100038,160000,58200.00,58200.00,11058.00,RE-2024-038,20240515,30,14,Z030,2910.00,Rechnung Heidelberg Cement Baustoffe
100,1000,1900000052,2024,002,S,S,,543210,11058.00,11058.00,0.00,RE-2024-038,,,,,Vorsteuer 19%
100,1000,1900000052,2024,003,S,S,,400000,58200.00,58200.00,0.00,RE-2024-038,,,,,Materialaufwand
100,1000,1900000053,2024,001,S,S,,100000,50694.00,50694.00,0.00,ZG-2024-015,,,,,Bank
100,1000,1900000053,2024,002,H,K,0000100015,160000,50694.00,50694.00,0.00,ZG-2024-015,,,,,Zahlung RWE AG
100,1000,1900000054,2024,001,H,K,0000100039,160000,29400.00,29400.00,5586.00,RE-2024-039,20240520,30,14,Z030,1470.00,Rechnung K+S Düngemittel
100,1000,1900000054,2024,002,S,S,,543210,5586.00,5586.00,0.00,RE-2024-039,,,,,Vorsteuer 19%
100,1000,1900000054,2024,003,S,S,,400000,29400.00,29400.00,0.00,RE-2024-039,,,,,Materialaufwand
100,1000,1900000055,2024,001,H,K,0000100040,160000,75600.00,75600.00,14364.00,RE-2024-040,20240522,30,14,Z030,3780.00,Rechnung Rheinmetall Sicherheitstechnik
100,1000,1900000055,2024,002,S,S,,543210,14364.00,14364.00,0.00,RE-2024-040,,,,,Vorsteuer 19%
100,1000,1900000055,2024,003,S,S,,480000,75600.00,75600.00,0.00,RE-2024-040,,,,,Büroausstattung
100,1000,1900000056,2024,001,S,S,,100000,37128.00,37128.00,0.00,ZG-2024-016,,,,,Bank
100,1000,1900000056,2024,002,H,K,0000100016,160000,37128.00,37128.00,0.00,ZG-2024-016,,,,,Zahlung Deutsche Telekom AG
100,1000,1900000057,2024,001,H,K,0000100041,160000,18700.00,18700.00,3553.00,RE-2024-041,20240528,30,14,Z030,935.00,Rechnung TUI Geschäftsreisen
100,1000,1900000057,2024,002,S,S,,543210,3553.00,3553.00,0.00,RE-2024-041,,,,,Vorsteuer 19%
100,1000,1900000057,2024,003,S,S,,650000,18700.00,18700.00,0.00,RE-2024-041,,,,,Reisekosten
100,1000,1900000058,2024,001,S,S,,100000,34153.00,34153.00,0.00,ZG-2024-017,,,,,Bank
100,1000,1900000058,2024,002,H,K,0000100017,160000,34153.00,34153.00,0.00,ZG-2024-017,,,,,Zahlung E.ON SE
100,1000,1900000059,2024,001,H,K,0000100042,160000,33600.00,33600.00,6384.00,RE-2024-042,20240603,30,14,Z030,1680.00,Rechnung Jenoptik Messtechnik
100,1000,1900000059,2024,002,S,S,,543210,6384.00,6384.00,0.00,RE-2024-042,,,,,Vorsteuer 19%
100,1000,1900000059,2024,003,S,S,,480000,33600.00,33600.00,0.00,RE-2024-042,,,,,Büroausstattung
100,1000,1900000060,2024,001,H,K,0000100043,160000,45800.00,45800.00,8702.00,RE-2024-043,20240605,30,14,Z030,2290.00,Rechnung Carl Zeiss Mikroskope
100,1000,1900000060,2024,002,S,S,,543210,8702.00,8702.00,0.00,RE-2024-043,,,,,Vorsteuer 19%
100,1000,1900000060,2024,003,S,S,,480000,45800.00,45800.00,0.00,RE-2024-043,,,,,Büroausstattung
100,1000,1900000061,2024,001,S,S,,100000,23562.00,23562.00,0.00,ZG-2024-018,,,,,Bank
100,1000,1900000061,2024,002,H,K,0000100018,160000,23562.00,23562.00,0.00,ZG-2024-018,,,,,Zahlung Fresenius SE
100,1000,1900000062,2024,001,H,K,0000100044,160000,28900.00,28900.00,5491.00,RE-2024-044,20240610,30,14,Z030,1445.00,Rechnung Rational Küchengeräte
100,1000,1900000062,2024,002,S,S,,543210,5491.00,5491.00,0.00,RE-2024-044,,,,,Vorsteuer 19%
100,1000,1900000062,2024,003,S,S,,480000,28900.00,28900.00,0.00,RE-2024-044,,,,,Büroausstattung
100,1000,1900000063,2024,001,H,K,0000100045,160000,37200.00,37200.00,7068.00,RE-2024-045,20240612,30,14,Z030,1860.00,Rechnung Symrise Duftstoffe
100,1000,1900000063,2024,002,S,S,,543210,7068.00,7068.00,0.00,RE-2024-045,,,,,Vorsteuer 19%
100,1000,1900000063,2024,003,S,S,,400000,37200.00,37200.00,0.00,RE-2024-045,,,,,Materialaufwand
100,1000,1900000064,2024,001,S,S,,100000,11305.00,11305.00,0.00,ZG-2024-019,,,,,Bank
100,1000,1900000064,2024,002,H,K,0000100019,160000,11305.00,11305.00,0.00,ZG-2024-019,,,,,Zahlung Puma SE
100,1000,1900000065,2024,001,H,K,0000100046,160000,24600.00,24600.00,4674.00,RE-2024-046,20240618,30,14,Z030,1230.00,Rechnung Varta Batterien
100,1000,1900000065,2024,002,S,S,,543210,4674.00,4674.00,0.00,RE-2024-046,,,,,Vorsteuer 19%
100,1000,1900000065,2024,003,S,S,,480000,24600.00,24600.00,0.00,RE-2024-046,,,,,Büroausstattung
100,1000,1900000066,2024,001,H,K,0000100047,160000,52300.00,52300.00,9937.00,RE-2024-047,20240620,30,14,Z030,2615.00,Rechnung Siltronic Wafer
100,1000,1900000066,2024,002,S,S,,543210,9937.00,9937.00,0.00,RE-2024-047,,,,,Vorsteuer 19%
100,1000,1900000066,2024,003,S,S,,400000,52300.00,52300.00,0.00,RE-2024-047,,,,,Materialaufwand
100,1000,1900000067,2024,001,S,S,,100000,39746.00,39746.00,0.00,ZG-2024-020,,,,,Bank
100,1000,1900000067,2024,002,H,K,0000100020,160000,39746.00,39746.00,0.00,ZG-2024-020,,,,,Zahlung Linde AG
100,1000,1900000068,2024,001,H,K,0000100048,160000,41500.00,41500.00,7885.00,RE-2024-048,20240625,30,14,Z030,2075.00,Rechnung Sartorius Laborgeräte
100,1000,1900000068,2024,002,S,S,,543210,7885.00,7885.00,0.00,RE-2024-048,,,,,Vorsteuer 19%
100,1000,1900000068,2024,003,S,S,,480000,41500.00,41500.00,0.00,RE-2024-048,,,,,Büroausstattung
100,1000,1900000069,2024,001,S,S,,100000,93415.00,93415.00,0.00,ZG-2024-021,,,,,Bank
100,1000,1900000069,2024,002,H,K,0000100021,160000,93415.00,93415.00,0.00,ZG-2024-021,,,,,Zahlung BMW AG
100,1000,1900000070,2024,001,H,K,0000100049,160000,14800.00,14800.00,2812.00,RE-2024-049,20240630,30,14,Z030,740.00,Rechnung Fielmann Bürobrillen
100,1000,1900000070,2024,002,S,S,,543210,2812.00,2812.00,0.00,RE-2024-049,,,,,Vorsteuer 19%
100,1000,1900000070,2024,003,S,S,,480000,14800.00,14800.00,0.00,RE-2024-049,,,,,Büroausstattung
100,1000,1900000071,2024,001,H,K,0000100050,160000,27300.00,27300.00,5187.00,RE-2024-050,20240702,30,14,Z030,1365.00,Rechnung Fraport Flughafendienste
100,1000,1900000071,2024,002,S,S,,543210,5187.00,5187.00,0.00,RE-2024-050,,,,,Vorsteuer 19%
100,1000,1900000071,2024,003,S,S,,650000,27300.00,27300.00,0.00,RE-2024-050,,,,,Reisekosten
100,1000,1900000072,2024,001,S,S,,100000,77588.00,77588.00,0.00,ZG-2024-022,,,,,Bank
100,1000,1900000072,2024,002,H,K,0000100022,160000,77588.00,77588.00,0.00,ZG-2024-022,,,,,Zahlung Daimler AG
100,1000,1900000073,2024,001,H,K,0000100001,160000,32100.00,32100.00,6099.00,RE-2024-051,20240708,30,14,Z030,1605.00,Rechnung Siemens Automatisierung
100,1000,1900000073,2024,002,S,S,,543210,6099.00,6099.00,0.00,RE-2024-051,,,,,Vorsteuer 19%
100,1000,1900000073,2024,003,S,S,,400000,32100.00,32100.00,0.00,RE-2024-051,,,,,Materialaufwand
100,1000,1900000074,2024,001,H,K,0000100002,160000,28700.00,28700.00,5453.00,RE-2024-052,20240710,30,14,Z030,1435.00,Rechnung BASF Spezialchemikalien
100,1000,1900000074,2024,002,S,S,,543210,5453.00,5453.00,0.00,RE-2024-052,,,,,Vorsteuer 19%
100,1000,1900000074,2024,003,S,S,,400000,28700.00,28700.00,0.00,RE-2024-052,,,,,Materialaufwand
100,1000,1900000075,2024,001,S,S,,100000,57358.00,57358.00,0.00,ZG-2024-023,,,,,Bank
100,1000,1900000075,2024,002,H,K,0000100023,160000,57358.00,57358.00,0.00,ZG-2024-023,,,,,Zahlung Lufthansa Group
100,1000,1900000076,2024,001,H,K,0000100003,160000,43200.00,43200.00,8208.00,RE-2024-053,20240715,30,14,Z030,2160.00,Rechnung Volkswagen Ersatzteile
100,1000,1900000076,2024,002,S,S,,543210,8208.00,8208.00,0.00,RE-2024-053,,,,,Vorsteuer 19%
100,1000,1900000076,2024,003,S,S,,400000,43200.00,43200.00,0.00,RE-2024-053,,,,,Materialaufwand
100,1000,1900000077,2024,001,H,K,0000100004,160000,26900.00,26900.00,5111.00,RE-2024-054,20240718,30,14,Z030,1345.00,Rechnung Bayer Pflanzenschutz
100,1000,1900000077,2024,002,S,S,,543210,5111.00,5111.00,0.00,RE-2024-054,,,,,Vorsteuer 19%
100,1000,1900000077,2024,003,S,S,,400000,26900.00,26900.00,0.00,RE-2024-054,,,,,Materialaufwand
100,1000,1900000078,2024,001,S,S,,100000,101864.00,101864.00,0.00,ZG-2024-024,,,,,Bank
100,1000,1900000078,2024,002,H,K,0000100024,160000,101864.00,101864.00,0.00,ZG-2024-024,,,,,Zahlung Munich Re
100,1000,1900000079,2024,001,H,K,0000100005,160000,38500.00,38500.00,7315.00,RE-2024-055,20240722,30,14,Z030,1925.00,Rechnung SAP Cloud Services
100,1000,1900000079,2024,002,S,S,,543210,7315.00,7315.00,0.00,RE-2024-055,,,,,Vorsteuer 19%
100,1000,1900000079,2024,003,S,S,,520000,38500.00,38500.00,0.00,RE-2024-055,,,,,IT-Kosten
100,1000,1900000080,2024,001,S,S,,100000,86037.00,86037.00,0.00,ZG-2024-025,,,,,Bank
100,1000,1900000080,2024,002,H,K,0000100025,160000,86037.00,86037.00,0.00,ZG-2024-025,,,,,Zahlung Allianz SE
100,1000,1900000081,2024,001,H,K,0000100006,160000,34600.00,34600.00,6574.00,RE-2024-056,20240728,30,14,Z030,1730.00,Rechnung Bosch Elektrowerkzeuge
100,1000,1900000081,2024,002,S,S,,543210,6574.00,6574.00,0.00,RE-2024-056,,,,,Vorsteuer 19%
100,1000,1900000081,2024,003,S,S,,400000,34600.00,34600.00,0.00,RE-2024-056,,,,,Materialaufwand
100,1000,1900000082,2024,001,H,K,0000100007,160000,19200.00,19200.00,3648.00,RE-2024-057,20240730,30,14,Z030,960.00,Rechnung Deutsche Post Express
100,1000,1900000082,2024,002,S,S,,543210,3648.00,3648.00,0.00,RE-2024-057,,,,,Vorsteuer 19%
100,1000,1900000082,2024,003,S,S,,630000,19200.00,19200.00,0.00,RE-2024-057,,,,,Transportkosten
100,1000,1900000083,2024,001,H,K,0000100008,160000,12600.00,12600.00,2394.00,RE-2024-058,20240802,30,14,Z030,630.00,Rechnung Adidas Sportausrüstung
100,1000,1900000083,2024,002,S,S,,543210,2394.00,2394.00,0.00,RE-2024-058,,,,,Vorsteuer 19%
100,1000,1900000083,2024,003,S,S,,480000,12600.00,12600.00,0.00,RE-2024-058,,,,,Büroausstattung
100,1000,1900000084,2024,001,S,S,,100000,42602.00,42602.00,0.00,ZG-2024-026,,,,,Bank
100,1000,1900000084,2024,002,H,K,0000100026,160000,42602.00,42602.00,0.00,ZG-2024-026,,,,,Zahlung Software AG
100,1000,1900000085,2024,001,H,K,0000100009,160000,37800.00,37800.00,7182.00,RE-2024-059,20240808,30,14,Z030,1890.00,Rechnung Continental Werkzeuge
100,1000,1900000085,2024,002,S,S,,543210,7182.00,7182.00,0.00,RE-2024-059,,,,,Vorsteuer 19%
100,1000,1900000085,2024,003,S,S,,400000,37800.00,37800.00,0.00,RE-2024-059,,,,,Materialaufwand
100,1000,1900000086,2024,001,H,K,0000100010,160000,41900.00,41900.00,7961.00,RE-2024-060,20240810,30,14,Z030,2095.00,Rechnung Metro Großhandel
100,1000,1900000086,2024,002,S,S,,543210,7961.00,7961.00,0.00,RE-2024-060,,,,,Vorsteuer 19%
100,1000,1900000086,2024,003,S,S,,480000,41900.00,41900.00,0.00,RE-2024-060,,,,,Büroausstattung
100,1000,1900000087,2024,001,S,S,,100000,19278.00,19278.00,0.00,ZG-2024-027,,,,,Bank
100,1000,1900000087,2024,002,H,K,0000100027,160000,19278.00,19278.00,0.00,ZG-2024-027,,,,,Zahlung Beiersdorf AG
100,1000,1900000088,2024,001,H,K,0000100011,160000,25400.00,25400.00,4826.00,RE-2024-061,20240815,30,14,Z030,1270.00,Rechnung Henkel Klebstoffe
100,1000,1900000088,2024,002,S,S,,543210,4826.00,4826.00,0.00,RE-2024-061,,,,,Vorsteuer 19%
100,1000,1900000088,2024,003,S,S,,400000,25400.00,25400.00,0.00,RE-2024-061,,,,,Materialaufwand
100,1000,1900000089,2024,001,H,K,0000100012,160000,33800.00,33800.00,6422.00,RE-2024-062,20240818,30,14,Z030,1690.00,Rechnung Merck Elektronik
100,1000,1900000089,2024,002,S,S,,543210,6422.00,6422.00,0.00,RE-2024-062,,,,,Vorsteuer 19%
100,1000,1900000089,2024,003,S,S,,480000,33800.00,33800.00,0.00,RE-2024-062,,,,,Büroausstattung
100,1000,1900000090,2024,001,S,S,,100000,49623.00,49623.00,0.00,ZG-2024-028,,,,,Bank
100,1000,1900000090,2024,002,H,K,0000100028,160000,49623.00,49623.00,0.00,ZG-2024-028,,,,,Zahlung Covestro AG
100,1000,1900000091,2024,001,H,K,0000100013,160000,42700.00,42700.00,8113.00,RE-2024-063,20240822,30,14,Z030,2135.00,Rechnung Infineon Power
100,1000,1900000091,2024,002,S,S,,543210,8113.00,8113.00,0.00,RE-2024-063,,,,,Vorsteuer 19%
100,1000,1900000091,2024,003,S,S,,400000,42700.00,42700.00,0.00,RE-2024-063,,,,,Materialaufwand
100,1000,1900000092,2024,001,H,K,0000100014,160000,68500.00,68500.00,13015.00,RE-2024-064,20240825,30,14,Z030,3425.00,Rechnung ThyssenKrupp Elevator
100,1000,1900000092,2024,002,S,S,,543210,13015.00,13015.00,0.00,RE-2024-064,,,,,Vorsteuer 19%
100,1000,1900000092,2024,003,S,S,,400000,68500.00,68500.00,0.00,RE-2024-064,,,,,Materialaufwand
100,1000,1900000093,2024,001,S,S,,100000,35462.00,35462.00,0.00,ZG-2024-029,,,,,Bank
100,1000,1900000093,2024,002,H,K,0000100029,160000,35462.00,35462.00,0.00,ZG-2024-029,,,,,Zahlung Wacker Chemie AG
100,1000,1900000094,2024,001,H,K,0000100015,160000,39800.00,39800.00,7562.00,RE-2024-065,20240830,30,14,Z030,1990.00,Rechnung RWE Netzservice
100,1000,1900000094,2024,002,S,S,,543210,7562.00,7562.00,0.00,RE-2024-065,,,,,Vorsteuer 19%
100,1000,1900000094,2024,003,S,S,,440000,39800.00,39800.00,0.00,RE-2024-065,,,,,Energiekosten
100,1000,1900000095,2024,001,H,K,0000100016,160000,34700.00,34700.00,6593.00,RE-2024-066,20240902,30,14,Z030,1735.00,Rechnung Deutsche Telekom Mobilfunk
100,1000,1900000095,2024,002,S,S,,543210,6593.00,6593.00,0.00,RE-2024-066,,,,,Vorsteuer 19%
100,1000,1900000095,2024,003,S,S,,450000,34700.00,34700.00,0.00,RE-2024-066,,,,,Telekommunikation
100,1000,1900000096,2024,001,S,S,,100000,26299.00,26299.00,0.00,ZG-2024-030,,,,,Bank
100,1000,1900000096,2024,002,H,K,0000100030,160000,26299.00,26299.00,0.00,ZG-2024-030,,,,,Zahlung Osram Licht AG
100,1000,1900000097,2024,001,H,K,0000100017,160000,31500.00,31500.00,5985.00,RE-2024-067,20240908,30,14,Z030,1575.00,Rechnung E.ON Gas
100,1000,1900000097,2024,002,S,S,,543210,5985.00,5985.00,0.00,RE-2024-067,,,,,Vorsteuer 19%
100,1000,1900000097,2024,003,S,S,,440000,31500.00,31500.00,0.00,RE-2024-067,,,,,Energiekosten
100,1000,1900000098,2024,001,H,K,0000100018,160000,23700.00,23700.00,4503.00,RE-2024-068,20240910,30,14,Z030,1185.00,Rechnung Fresenius Medical Care
100,1000,1900000098,2024,002,S,S,,543210,4503.00,4503.00,0.00,RE-2024-068,,,,,Vorsteuer 19%
100,1000,1900000098,2024,003,S,S,,480000,23700.00,23700.00,0.00,RE-2024-068,,,,,Büroausstattung
100,1000,1900000099,2024,001,S,S,,100000,148750.00,148750.00,0.00,ZG-2024-031,,,,,Bank
100,1000,1900000099,2024,002,H,K,0000100031,160000,148750.00,148750.00,0.00,ZG-2024-031,,,,,Zahlung Porsche AG
100,1000,1900000100,2024,001,H,K,0000100019,160000,13800.00,13800.00,2622.00,RE-2024-069,20240915,30,14,Z030,690.00,Rechnung Puma Corporate Wear
100,1000,1900000100,2024,002,S,S,,543210,2622.00,2622.00,0.00,RE-2024-069,,,,,Vorsteuer 19%
100,1000,1900000100,2024,003,S,S,,480000,13800.00,13800.00,0.00,RE-2024-069,,,,,Büroausstattung